x,y
剕,pai1
喵,miu2
噶,ga3
姩,nin1
孟,mang2
抔,bat1
捳,ngok6
揜,dap6
搇,kam2
瀡,chui4
串,chuen3
乜,mat1
乞,hat1
乸,na2
交,gaau1
亦,yik6
仄,chek1
仆,puk1
仔,jai2
仗,jeung3
仲,jung6
企,kei5
伏,buk6
估,goo2
似,chi5
佗,toh4
作,jok3
佢,kui5
佬,lo2
使,sai2
便,bin6
係,hai6
倔,gwat6
偈,gai2
停,ting2
傍,bong6
傾,king1
僆,leng1
儲,cho5
先,sin1
兔,to3
入,yap6
八,baat3
共,gung6
冇,mo5
冚,ham6
冧,lam1
冬,dung1
冷,laang1
凍,dung3
凳,dang3
凹,nap1
刨,paau2
利,lei6
制,jai3
削,seuk3
剒,chok3
剔,tik1
剩,jing6
剷,chaan2
劏,tong1
劫,gip3
勁,ging6
勻,wan4
勾,ngau1
包,baau1
匿,nei1
卅,sa1
占,jem1
厭,yim3
厲,lai2
友,yau2
反,faan2
口,hau2
句,gui3
叻,lek1
合,gaap3
吉,gat1
同,tung4
名,meng2
吓,ha2
吖,a1
吟,ngam4
吹,chui1
吼,hau1
吽,ngau6
呀,a3
呃,ngaak1
告,go3
呔,taai1
呢,ni1
味,mei2
呷,haap3
咀,jui2
咁,gam3
咇,bit1
咋,ja3
咗,joh2
咩,me1
咪,mai1
咭,kat1
咳,kat1
哋,dei6
响,heung2
哺,bo6
唓,che1
唔,m4
唞,tau2
唥,laang1
唯,wai4
唱,cheung3
啄,deung1
啋,choi1
啖,daam6
啡,fe1
啩,gwa3
啫,je1
啱,ngaam1
啲,di1
啷,long2
喂,wai2
喊,haam3
喎,woh3
喐,yuk1
喪,song3
喫,yaak3
單,daan1
喺,hai2
喼,gip1
嗌,ngaai3
嗍,sok3
嗒,daap1
嗰,goh2
嗱,na4
嗲,de2
嗷,ngo4
嗿,tam3
嘅,ge3
嘈,cho4
嘍,lau3
嘔,au2
嘜,mak1
嘞,laak3
嘢,ye5
嘥,saai1
嘩,wa4
嘴,jui2
噃,boh3
噅,ngai1
噉,gam2
噍,jiu6
噏,ngap1
噒,lun1
噫,yi2
嚇,haak3
嚟,lei4
嚡,haai4
嚿,gau6
囉,loh1
囖,loh1
囡,nui2
坐,joh6
坺,paat6
坼,chaak3
埋,maai4
埕,ching4
埗,bo6
埞,deng6
埲,bung6
執,jap1
堂,tong4
堝,woh5
堪,ham3
塔,taap3
塵,chan4
墟,hui1
墨,mak6
壅,ngung1
壆,bok3
壽,sau6
夜,ye6
夾,gaap2
奀,ngan1
奇,kei4
契,kai3
女,nui2
奶,naai5
好,ho2
妹,mooi1
姣,haau4
姪,jat6
嫩,nuen6
嫽,liu4
嬤,ma4
嬲,nau1
孖,ma1
字,ji6
孭,me1
孱,saan4
學,hok6
孻,laai1
定,deng6
宿,suk1
實,sat6
將,jeung1
對,dui2
少,siu3
就,jau6
尾,mei5
屈,wat1
屋,nguk1
屎,si2
屐,kek6
屘,mei1
屙,ngoh1
岌,ngap6
崩,bang1
巢,chaau4
工,gung1
帽,mo2
平,peng4
幼,yau3
幾,gei2
床,chong4
度,do6
廢,fai3
廿,ya6
弊,bai6
弗,fit1
弟,di2
彈,taan4
影,ying2
徇,sun1
得,dak1
忽,fat1
怨,yuen3
怪,gwaai3
怶,pe5
恃,chi5
恰,hap1
惡,ngok3
惰,doh6
惹,ye5
愛,ngoi3
慌,fong1
慣,gwaan3
慫,sung2
慳,haan1
憂,yau1
憎,jang1
懟,dui2
懵,mung2
戇,ngong6
成,seng4
戙,dung6
戥,dang6
戮,luk6
戲,hei3
房,fong2
扒,pa4
扠,cha5
扤,ngat1
扭,nau2
扮,baan6
扯,che2
扱,kap1
扲,ngam4
批,pai1
扻,ham2
扽,dan3
抄,chaau3
抆,man2
抌,dam2
抓,jaau2
折,jip3
抦,bing2
抵,dai2
抹,maat3
押,ngaap3
拃,ja6
拉,laai1
拎,ning1
拗,ngaau2
拚,poon3
拮,gat1
拳,kuen4
拼,peng1
按,ngon3
挐,na1
挽,waan2
挾,gip6
捉,juk1
捐,guen1
捱,ngaai4
捻,nin2
捽,jut1
掂,dim6
掃,so2
掅,ching3
排,paai4
掕,lang3
掗,nga6
掘,gwat6
掙,jaang6
掟,deng3
探,taam3
掣,jai3
掬,guk1
掯,kang3
揀,gaan2
揇,naam5
揈,fing6
揗,tan4
揞,ngam2
揦,la2
揪,chau1
揸,ja1
揼,dam1
搈,ngung2
搉,kok1
搏,bok3
搣,mit1
搦,nik1
搲,wa2
搵,wan2
摑,gwaak3
摘,jaak6
摟,lau1
摱,maan1
摷,jiu6
撈,laau1
撍,chim4
撐,chaang1
撟,giu2
撥,poot3
撩,liu1
撬,giu6
撲,pok3
撳,gam6
撻,taat1
擒,kam4
擔,daam1
擗,pek6
擘,maak3
擙,ngo1
擝,mang1
擠,jai1
擦,chaat3
擮,jit1
擰,ning6
擸,laap3
擺,baai2
攝,sip3
攞,loh2
攣,luen1
攤,taan1
攪,gaau2
攬,laam2
收,sau1
散,saan2
整,jing2
料,liu2
斜,che3
斟,jam1
斬,jaam2
旺,wong6
明,ming4
星,sing1
春,chun1
昧,mei6
晏,ngaan3
晒,saai3
暖,nuen5
暢,cheung3
曉,hiu2
曬,saai3
曲,kuk1
曳,yai5
更,gaang1
朇,pe5
服,fuk6
朕,jam6
望,mong6
木,muk6
未,mei6
杯,booi1
杰,git6
板,baan2
枉,wong2
枕,jam2
枱,toi2
枳,jat1
柄,beng3
柴,chaai4
桔,gat1
梗,gang2
梘,gaan2
梯,tai1
梳,soh1
棍,gwan3
棚,paang4
椅,yi2
椗,ding3
楷,kaai2
槓,lung5
樓,lau2
樖,poh1
樣,yeung2
樽,jun3
橙,chaang2
機,gei1
橺,gaan3
檔,dong3
櫃,gwai6
欖,laam2
歎,taan3
正,jeng3
歪,me2
氊,jin1
水,sui2
氹,tam5
沉,jam6
沙,sa3
河,hoh2
油,yau4
泡,po5
波,boh1
泥,nai4
派,paai3
流,lau4
浪,long6
浮,fau4
浸,jam3
涌,chung1
淥,luk6
淰,nam6
淵,yuen1
添,tim1
渣,ja2
湊,chau3
湴,baan6
溝,kau1
滯,jai6
滾,gwan2
漆,chat1
漏,lau6
漬,jik1
漯,leuh1
潤,yun2
潺,saan4
激,gik1
濁,juk6
瀉,se2
瀨,laai2
灼,cheuk3
炆,man1
炒,chaau2
炩,ling3
焗,guk6
焫,naat3
焮,hing3
煙,yin1
照,jiu3
煨,wooi1
煲,bo1
燒,siu1
燕,yin3
燶,nung1
爆,baau3
爭,jaang1
爽,song2
牆,cheung4
片,pin2
牌,paai4
牙,nga4
犦,bok1
犯,faan2
狼,long4
猎,lip1
猛,maang5
獎,jeung2
玷,dim3
班,baan1
理,lei5
生,saang1
甩,lat1
由,yau2
畀,bei2
畫,waak6
疓,na1
痕,han4
痛,tung3
痺,bei3
瘀,yue2
癌,ngaam4
癐,gooi6
癱,taan1
的,dik1
皮,pei4
益,yik1
盒,hap6
盞,jaan2
盟,mang4
監,gaam1
盲,maang4
相,seung2
省,saang2
眼,ngaan5
睄,saau4
睇,tai2
督,duk1
睬,choi2
瞄,miu4
瞌,hap1
瞓,fan3
瞠,chaang3
矇,mung4
知,ji1
石,sek6
破,poh3
碗,woon2
碟,dip6
磅,bong4
禁,kam1
禾,woh4
秤,ching3
穀,guk1
積,jik1
窄,jaak3
窒,jat6
窗,cheung1
窿,lung1
竇,dau3
竹,juk1
笑,siu3
笠,lap1
笪,daat3
第,dai6
等,dang2
筍,sun2
篤,duk1
篸,chaam2
簽,chim1
簿,bo2
籃,laam4
籌,chau2
籠,lung4
籮,loh2
粉,fan2
粒,nap1
粥,juk1
粽,jung2
精,jeng1
糖,tong2
糝,sam2
糠,hong2
糧,leung4
紅,hung4
紙,ji2
紝,yam1
索,sok3
紮,jaat3
細,sai3
絨,yung2
緙,kwaak1
縱,jung3
繑,kiu5
織,jik1
繩,sing2
纈,lit3
纊,kwang3
缸,gong1
罅,la3
罉,chaang1
罌,ngaang1
罰,fat6
羅,loh4
翳,ngai3
翻,faan1
翼,yik6
耐,noi6
耨,nau6
耷,dap1
聯,luen4
聲,seng1
聽,ting3
肉,yuk6
肚,to5
肝,gon1
肥,fei4
肴,ngaau1
肺,fai3
肽,taai1
背,booi3
脫,tuet3
脷,lei6
腍,nam4
腎,san5
腱,jin2
腳,geuk3
膊,bok3
膠,gaau1
膶,yun2
臊,so1
至,ji3
舂,jung1
興,hing1
舐,lem2
舖,po3
舦,taai5
艃,lei5
茂,mau6
著,jeuk3
蒙,mung4
蒲,po4
蓋,goi3
蔗,je3
蔸,dau1
薦,jin3
薯,sue2
薳,yuen5
藭,kung1
藹,ngoi2
虎,foo2
處,sue3
蚊,man1
蛇,se4
蛾,ngoh4
蝕,sit6
蝦,ha1
螺,loh2
蟀,jut1
蟲,chung4
蟹,haai5
蟻,ngai5
蠍,hit3
蠔,ho4
蠢,chun2
行,haang4
衙,a4
衫,saam1
衰,sui1
袋,doi2
被,pei5
裏,lei5
裙,kwan4
裝,jong1
褦,nang3
褪,tan3
褲,foo3
褸,lau1
襪,mat6
襯,chan3
覘,daam1
解,gaai2
計,gai2
詐,ja3
話,wa6
諗,nam2
講,gong2
譖,cham3
識,sik1
讕,laan2
豁,goot6
豆,dau2
豹,paau3
貢,gung3
責,jaak3
賊,chaak6
賴,laai6
賺,jaan2
贊,jaan3
赤,chek3
走,jau2
起,hei2
趯,dek3
趲,jaan2
趷,gat6
跌,dit3
跛,bai1
跣,sin3
跴,yaai2
踎,mau1
踭,jaang1
蹺,kiu2
躀,gwaan3
躁,cho3
躉,dan2
躝,laan1
躽,yin2
車,che1
軚,taai5
較,gaau3
輪,lun4
轆,luk1
迆,he3
造,jo6
逼,bik1
遮,je1
遲,chi4
避,bei6
邊,bin1
都,do1
醜,chau2
針,jam1
鈍,dun6
鈕,nau2
鈪,ngaak3
鉤,ngau1
鉸,gaau3
銀,ngan2
銻,tai1
鋤,choh4
錫,sek3
錶,biu1
鍟,seng3
鎅,gaai3
鎖,soh2
鏡,geng3
鐘,jung1
鑊,wok6
門,moon2
閂,saan1
閘,jaap6
閣,gok3
闊,foot3
阻,joh2
除,chui4
陰,yam1
隔,gaak3
雀,jeuk2
雜,jaap6
雞,gai1
雪,suet3
震,jan3
霉,mooi4
霧,mo6
霸,ba3
靚,leng3
靠,kaau3
面,min2
靴,heuh1
鞋,haai4
鞭,bin1
韌,ngan6
韞,wan3
頂,ding2
預,yue6
頸,geng2
飛,fei1
食,sik6
飲,yam2
餲,ngaat3
餸,sung3
餼,hei3
饠,loh3
騷,so1
騾,lui4
驚,geng1
驢,lo4
骨,gwat1
髀,bei2
鬆,sung1
鬚,so1
鬥,dau3
鬧,naau6
鮓,ja2
鯁,kang2
鴨,ngaap3
鴿,gap3
鹹,haam4
黃,wong4
黐,chi1
黑,hak1
點,dim2
鼠,sue2
齋,jaai1
龜,gwai1
䀹,gap6
丫,a1
啊,a1
錒,a1
鴉,a1
啞,a2
亞,a3
阿,a3
氬,a3
婭,a3
挨,aai1
隘,aai3
軛,aak1
俺,aan2
壓,aat3
遏,aat3
揠,aat3
軋,aat3
猰,aat3
坳,aau3
哎,ai1
唉,ai1
矮,ai2
屭,ai3
縊,ai3
厄,ak1
扼,ak1
幄,ak1
握,ak1
齷,ak1
渥,ak1
鵪,am1
庵,am1
諳,am1
黯,am2
暗,am3
鶯,ang1
甌,au1
鷗,au1
歐,au1
毆,au2
慪,au3
疤,ba1
叭,ba1
粑,ba1
芭,ba1
笆,ba1
爸,ba1
葩,ba1
巴,ba1
鈀,ba2
靶,ba2
把,ba2
壩,ba3
罷,ba6
吧,ba6
掰,baai1
襬,baai2
捭,baai2
拜,baai3
敗,baai6
稗,baai6
迫,baak1
伯,baak3
百,baak3
佰,baak3
白,baak6
帛,baak6
蔔,baak6
匐,baak6
頒,baan1
瘢,baan1
斑,baan1
版,baan2
舨,baan2
坂,baan2
闆,baan2
辦,baan6
蹦,baang6
繃,baang6
捌,baat3
茇,baat6
褒,baau1
孢,baau1
鮑,baau1
苞,baau1
胞,baau1
飽,baau2
齙,baau6
蔽,bai3
閉,bai3
贔,bai3
敝,bai6
陛,bai6
斃,bai6
狴,bai6
幣,bai6
北,bak1
泵,bam1
乓,bam1
賓,ban1
檳,ban1
奔,ban1
繽,ban1
濱,ban1
彬,ban1
斌,ban1
瀕,ban1
品,ban2
稟,ban2
鬢,ban3
殯,ban3
擯,ban3
笨,ban6
鏰,bang1
畢,bat1
筆,bat1
不,bat1
蓽,bat1
嗶,bat1
篳,bat1
蹕,bat1
鈈,bat1
拔,bat6
鈸,bat6
弼,bat6
跋,bat6
苾,bat6
菝,bat6
啤,be1
唄,be6
卑,bei1
碑,bei1
裨,bei1
屄,bei1
悲,bei1
比,bei2
俾,bei2
脾,bei2
彼,bei2
妣,bei2
匕,bei2
臂,bei3
秘,bei3
泌,bei3
鉍,bei3
轡,bei3
庇,bei3
備,bei6
鼻,bei6
箆,bei6
憊,bei6
餅,beng2
病,beng6
碧,bik1
璧,bik1
愎,bik1
壁,bik1
辮,bin1
扁,bin2
貶,bin2
匾,bin2
變,bin3
卞,bin6
辨,bin6
辯,bin6
兵,bing1
冰,bing1
乒,bing1
丙,bing2
秉,bing2
炳,bing2
屏,bing2
迸,bing3
併,bing3
並,bing6
觱,bit1
必,bit1
彆,bit3
鱉,bit3
憋,bit3
蹩,bit6
別,bit6
癟,bit6
鑣,biu1
膘,biu1
標,biu1
鏢,biu1
飆,biu1
彪,biu1
婊,biu2
表,biu2
晡,bo1
鴇,bo2
保,bo2
堡,bo2
圃,bo2
寶,bo2
葆,bo2
補,bo2
佈,bo3
埔,bo3
報,bo3
怖,bo3
布,bo3
步,bo6
捕,bo6
部,bo6
暴,bo6
埠,bo6
玻,boh1
菠,boh1
簸,boh3
播,boh3
博,bok3
亳,bok3
駁,bok3
縛,bok3
箔,bok6
鉑,bok6
礴,bok6
雹,bok6
薄,bok6
泊,bok6
舶,bok6
邦,bong1
梆,bong1
幫,bong1
綁,bong2
蒡,bong2
膀,bong2
榜,bong2
鎊,bong6
揹,booi3
輩,booi3
貝,booi3
鋇,booi3
狽,booi3
悖,booi6
焙,booi6
般,boon1
搬,boon1
苯,boon2
本,boon2
畚,boon2
半,boon3
拌,boon6
叛,boon6
絆,boon6
畔,boon6
胖,boon6
伴,boon6
缽,boot3
脖,boot6
勃,boot6
渤,boot6
荸,boot6
卜,buk1
曝,buk6
僕,buk6
瀑,buk6
蹼,buk6
濮,buk6
甭,bung3
差,cha1
叉,cha1
岔,cha3
杈,cha3
詫,cha3
衩,cha3
姹,cha3
碴,cha4
垞,cha4
查,cha4
茶,cha4
搽,cha4
槎,cha4
茬,cha4
猜,chaai1
釵,chaai1
搋,chaai1
揣,chaai1
踩,chaai2
踹,chaai2
蠆,chaai3
儕,chaai4
豺,chaai4
拆,chaak3
冊,chaak3
柵,chaak3
策,chaak3
鰂,chaak6
攙,chaam1
摻,chaam1
參,chaam1
慘,chaam2
懺,chaam3
杉,chaam3
慚,chaam4
讒,chaam4
饞,chaam4
蠶,chaam4
餐,chaan1
產,chaan2
鏟,chaan2
燦,chaan3
璨,chaan3
殘,chaan4
鋥,chaang6
鍤,chaap3
插,chaap3
刷,chaat3
獺,chaat3
察,chaat3
剎,chaat3
鈔,chaau1
吵,chaau2
肏,chaau3
淒,chai1
妻,chai1
悽,chai1
棲,chai1
沏,chai3
切,chai3
砌,chai3
薺,chai4
齊,chai4
測,chak1
惻,chak1
侵,cham1
磣,cham2
寢,cham2
讖,cham3
蕁,cham4
尋,cham4
鱘,cham4
嗔,chan1
瞋,chan1
親,chan1
哂,chan2
診,chan2
縝,chan2
趁,chan3
齔,chan3
陳,chan4
曾,chang4
層,chang4
緝,chap1
輯,chap1
葺,chap1
七,chat1
柒,chat1
抽,chau1
鰍,chau1
秋,chau1
楸,chau1
鞦,chau1
丑,chau2
嗅,chau3
糗,chau3
溴,chau3
臭,chau3
惆,chau4
綢,chau4
酬,chau4
疇,chau4
躊,chau4
囚,chau4
泅,chau4
仇,chau4
儔,chau4
遒,chau4
稠,chau4
奢,che1
且,che2
邪,che4
輋,che4
呎,chek3
尺,chek3
綽,cheuk3
卓,cheuk3
戳,cheuk3
菖,cheung1
槍,cheung1
鯧,cheung1
嗆,cheung1
昌,cheung1
戧,cheung1
猖,cheung1
倀,cheung1
鏘,cheung1
娼,cheung1
搶,cheung2
蹌,cheung3
悵,cheung3
倡,cheung3
熗,cheung3
翔,cheung4
薔,cheung4
祥,cheung4
場,cheung4
戕,cheung4
長,cheung4
檣,cheung4
詳,cheung4
腸,cheung4
眵,chi1
雌,chi1
鴟,chi1
跐,chi1
魑,chi1
疵,chi1
嗤,chi1
癡,chi1
螭,chi1
哧,chi1
蚩,chi1
笞,chi1
矢,chi2
豕,chi2
褫,chi2
侈,chi2
此,chi2
恥,chi2
始,chi2
齒,chi2
賜,chi3
幟,chi3
熾,chi3
刺,chi3
翅,chi3
廁,chi3
次,chi3
磁,chi4
詞,chi4
辭,chi4
池,chi4
墀,chi4
慈,chi4
馳,chi4
篪,chi4
祠,chi4
瓷,chi4
弛,chi4
糍,chi4
踟,chi4
茌,chi4
臍,chi4
持,chi4
匙,chi4
柿,chi5
斥,chik1
戚,chik1
叱,chik1
彳,chik1
敕,chik1
籤,chim1
纖,chim1
殲,chim1
諂,chim2
塹,chim3
僭,chim3
暹,chim3
潛,chim4
遷,chin1
阡,chin1
仟,chin1
韆,chin1
千,chin1
淺,chin2
前,chin4
纏,chin4
錢,chin4
踐,chin5
蟶,ching1
氰,ching1
清,ching1
鯖,ching1
稱,ching1
蜻,ching1
青,ching1
逞,ching2
拯,ching2
騁,ching2
請,ching2
情,ching4
懲,ching4
程,ching4
澄,ching4
呈,ching4
晴,ching4
澂,ching4
妾,chip3
轍,chit3
澈,chit3
設,chit3
徹,chit3
撤,chit3
釗,chiu1
昭,chiu1
鍬,chiu1
超,chiu1
悄,chiu2
肖,chiu3
峭,chiu3
俏,chiu3
鞘,chiu3
朝,chiu4
樵,chiu4
憔,chiu4
潮,chiu4
瞧,chiu4
粗,cho1
操,cho1
草,cho2
醋,cho3
糙,cho3
措,cho3
燥,cho3
噪,cho3
曹,cho4
漕,cho4
槽,cho4
初,choh1
雛,choh1
搓,choh1
磋,choh1
芻,choh1
楚,choh2
礎,choh2
銼,choh3
錯,choh3
挫,choh3
採,choi2
彩,choi2
綵,choi2
采,choi2
菜,choi3
賽,choi3
蔡,choi3
塞,choi3
裁,choi4
材,choi4
財,choi4
才,choi4
滄,chong1
傖,chong1
創,chong1
倉,chong1
艙,chong1
瘡,chong1
蒼,chong1
敞,chong2
廠,chong2
闖,chong2
氅,chong2
藏,chong4
櫥,chue1
躇,chue1
杵,chue2
貯,chue2
蹰,chue4
廚,chue4
柱,chue5
署,chue5
苧,chue5
佇,chue5
曙,chue5
褚,chue5
汆,chuen1
川,chuen1
村,chuen1
躥,chuen1
穿,chuen1
喘,chuen2
忖,chuen2
攛,chuen2
爨,chuen3
吋,chuen3
寸,chuen3
竄,chuen3
醛,chuen4
痊,chuen4
全,chuen4
傳,chuen4
荃,chuen4
輇,chuen4
筌,chuen4
銓,chuen4
存,chuen4
詮,chuen4
泉,chuen4
踅,chuet3
猝,chuet3
撮,chuet3
摧,chui1
炊,chui1
趨,chui1
崔,chui1
催,chui1
璀,chui1
取,chui2
娶,chui2
翠,chui3
脆,chui3
啐,chui3
趣,chui3
覷,chui3
焠,chui3
淬,chui3
蜍,chui4
隋,chui4
錘,chui4
捶,chui4
徐,chui4
隨,chui4
滁,chui4
槌,chui4
簇,chuk1
蓄,chuk1
蹙,chuk1
矗,chuk1
束,chuk1
搐,chuk1
畜,chuk1
亍,chuk1
速,chuk1
簌,chuk1
蹴,chuk1
齪,chuk1
促,chuk1
觸,chuk1
秦,chun4
嗪,chun4
巡,chun4
螓,chun4
循,chun4
旬,chun4
馴,chun4
匆,chung1
忡,chung1
驄,chung1
衝,chung1
充,chung1
沖,chung1
囪,chung1
憧,chung1
樅,chung1
蔥,chung1
聰,chung1
寵,chung2
冢,chung2
重,chung4
叢,chung4
從,chung4
松,chung4
琮,chung4
出,chut1
齣,chut1
打,da2
呆,daai1
歹,daai2
戴,daai3
帶,daai3
大,daai6
儋,daam1
眈,daam1
聃,daam1
耽,daam1
膽,daam2
淡,daam6
澹,daam6
氮,daam6
丹,daan1
殫,daan1
鄲,daan1
誕,daan3
旦,daan3
撣,daan5
撢,daan5
但,daan6
蛋,daan6
憚,daan6
疍,daan6
瘩,daap3
搭,daap3
答,daap3
蹋,daap6
沓,daap6
踏,daap6
靼,daat3
妲,daat3
繨,daat6
達,daat6
噠,daat6
低,dai1
柢,dai2
底,dai2
骶,dai2
詆,dai2
邸,dai2
帝,dai3
蒂,dai3
締,dai3
碲,dai3
諦,dai3
悌,dai6
棣,dai6
遞,dai6
隸,dai6
逮,dai6
德,dak1
特,dak6
墩,dan2
燉,dan6
蹬,dang1
登,dang1
噔,dang1
燈,dang1
鐙,dang3
磴,dang3
鄧,dang6
瞪,dang6
凸,dat6
突,dat6
兜,dau1
陡,dau2
抖,dau2
蚪,dau2
斗,dau2
痘,dau6
逗,dau6
爹,de1
地,dei6
笛,dek6
糴,dek6
涿,deuk3
琢,deuk3
斲,deuk3
滴,dik1
嫡,dik1
狄,dik6
翟,dik6
滌,dik6
迪,dik6
敵,dik6
店,dim3
踮,dim3
惦,dim3
巔,din1
癲,din1
碘,din1
顛,din1
墊,din2
典,din2
電,din6
澱,din6
佃,din6
殿,din6
甸,din6
靛,din6
奠,din6
汀,ding1
仃,ding1
町,ding1
丁,ding1
盯,ding1
釘,ding1
叮,ding1
鼎,ding2
酊,ding2
碇,ding3
訂,ding3
錠,ding3
啶,ding6
諜,dip6
喋,dip6
蝶,dip6
疊,dip6
牒,dip6
鰈,dip6
耋,dit6
迭,dit6
秩,dit6
雕,diu1
貂,diu1
鯛,diu1
凋,diu1
刁,diu1
丟,diu1
碉,diu1
叼,diu1
屌,diu2
吊,diu3
釣,diu3
弔,diu3
調,diu6
掉,diu6
叨,do1
刀,do1
嘟,do1
倒,do2
搗,do2
堵,do2
賭,do2
島,do2
睹,do2
妒,do3
蠹,do3
到,do2
道,do6
稻,do6
盜,do6
杜,do6
鍍,do6
渡,do6
悼,do6
蹈,do6
導,do6
哆,doh1
多,doh1
跺,doh2
躲,doh2
朵,doh2
剁,doh2
馱,doh6
墮,doh6
玳,doi6
待,doi6
甙,doi6
代,doi6
黛,doi6
靆,doi6
岱,doi6
怠,doi6
殆,doi6
鐸,dok6
踱,dok6
襠,dong1
噹,dong1
當,dong1
鐺,dong1
黨,dong2
擋,dong2
碭,dong6
宕,dong6
盪,dong6
蕩,dong6
菪,dong6
端,duen1
短,duen2
煅,duen3
鍛,duen3
段,duen6
斷,duen6
緞,duen6
奪,duet6
堆,dui1
兌,dui6
隊,dui2
犢,duk6
櫝,duk6
毒,duk6
瀆,duk6
黷,duk6
牘,duk6
獨,duk6
讀,duk6
碡,duk6
髑,duk6
蹲,dun1
敦,dun1
惇,dun1
盹,dun6
噸,dun6
遁,dun6
沌,dun6
頓,dun6
氡,dung1
東,dung1
咚,dung1
董,dung2
懂,dung2
踵,dung2
棟,dung3
侗,dung6
慟,dung6
胴,dung6
洞,dung6
動,dung6
恫,dung6
咄,dut1
欸,ei1
花,fa1
化,fa3
傀,faai3
快,faai3
筷,faai3
塊,faai3
噲,faai3
幡,faan1
番,faan1
旛,faan1
返,faan1
販,faan3
泛,faan3
釩,faan4
凡,faan4
煩,faan4
帆,faan4
藩,faan4
樊,faan4
繁,faan4
蕃,faan4
礬,faan4
梵,faan4
瓣,faan6
飯,faan6
范,faan6
範,faan6
髮,faat3
法,faat3
發,faat3
琺,faat3
揮,fai1
輝,fai1
徽,fai1
暉,fai1
撝,fai1
沸,fai3
費,fai3
狒,fai3
吠,fai6
婚,fan1
氛,fan1
紛,fan1
分,fan1
熏,fan1
燻,fan1
醺,fan1
葷,fan1
昏,fan1
酚,fan1
薰,fan1
吩,fan1
勳,fan1
芬,fan1
訓,fan3
糞,fan3
焚,fan4
汾,fan4
墳,fan4
忿,fan5
奮,fan5
憤,fan5
份,fan6
惚,fat1
囫,fat1
拂,fat1
窟,fat1
氟,fat1
笏,fat1
彿,fat1
佛,fat6
伐,fat6
乏,fat6
筏,fat6
閥,fat6
否,fau2
阜,fau6
緋,fei1
妃,fei1
非,fei1
鯡,fei1
菲,fei1
蜚,fei1
扉,fei1
霏,fei1
誹,fei2
斐,fei2
翡,fei2
榧,fei2
悱,fei2
匪,fei2
腓,fei4
蝌,foh1
科,foh1
伙,foh2
顆,foh2
火,foh2
夥,foh2
貨,foh3
課,foh3
攫,fok3
霍,fok3
謊,fong1
方,fong1
坊,fong1
荒,fong1
肪,fong1
邡,fong1
芳,fong1
幌,fong2
紡,fong2
恍,fong2
彷,fong2
晃,fong2
仿,fong2
訪,fong2
放,fong3
況,fong3
妨,fong4
防,fong4
軤,foo1
呼,foo1
麩,foo1
孵,foo1
膚,foo1
孚,foo1
敷,foo1
俘,foo1
骷,foo1
枯,foo1
夫,foo1
腑,foo2
撫,foo2
釜,foo2
拊,foo2
琥,foo2
俯,foo2
甫,foo2
斧,foo2
府,foo2
苦,foo2
唬,foo2
賦,foo3
庫,foo3
副,foo3
絝,foo3
富,foo3
戽,foo3
乎,foo4
扶,foo4
符,foo4
芙,foo4
婦,foo5
父,foo6
赴,foo6
負,foo6
附,foo6
輔,foo6
腐,foo6
訃,foo6
咐,foo6
付,foo6
傅,foo6
鮒,foo6
駙,foo6
魁,fooi1
灰,fooi1
詼,fooi1
恢,fooi1
奎,fooi1
鮪,fooi2
晦,fooi3
誨,fooi3
悔,fooi3
歡,foon1
寬,foon1
髖,foon1
貛,foon1
款,foon2
複,fuk1
腹,fuk1
蝮,fuk1
蝠,fuk1
輻,fuk1
覆,fuk1
福,fuk1
幅,fuk1
馥,fuk1
復,fuk6
袱,fuk6
茯,fuk6
宓,fuk6
風,fung1
烽,fung1
丰,fung1
楓,fung1
峰,fung1
鋒,fung1
蜂,fung1
瘋,fung1
豐,fung1
封,fung1
諷,fung3
逢,fung4
縫,fung4
馮,fung4
鳳,fung6
奉,fung6
俸,fung6
珈,ga1
迦,ga1
家,ga1
枷,ga1
加,ga1
伽,ga1
傢,ga1
嘉,ga1
痂,ga1
鎵,ga1
袈,ga1
架,ga2
尕,ga2
假,ga2
斝,ga2
檟,ga2
賈,ga2
嫁,ga3
駕,ga3
咖,ga3
價,ga3
稼,ga3
皆,gaai1
街,gaai1
偕,gaai1
秸,gaai1
佳,gaai1
階,gaai1
蚧,gaai2
介,gaai3
屆,gaai3
尬,gaai3
界,gaai3
戒,gaai3
芥,gaai3
誡,gaai3
疥,gaai3
膈,gaak3
革,gaak3
格,gaak3
胳,gaak3
嗝,gaak3
鎘,gaak3
骼,gaak3
緘,gaam1
尷,gaam1
減,gaam2
鑑,gaam3
間,gaan1
姦,gaan1
艱,gaan1
奸,gaan1
簡,gaan2
柬,gaan2
鐧,gaan2
鹼,gaan2
繭,gaan2
諫,gaan3
澗,gaan3
耕,gaang1
餄,gaap3
頰,gaap3
甲,gaap3
鉀,gaap3
莢,gaap3
胛,gaap3
郟,gaap3
蛺,gaap3
岬,gaap3
袷,gaap3
茭,gaau1
郊,gaau1
蛟,gaau1
跤,gaau1
佼,gaau2
絞,gaau2
皎,gaau2
狡,gaau2
餃,gaau2
搞,gaau2
窖,gaau3
覺,gaau3
教,gaau3
校,gaau3
酵,gaau3
薊,gai3
髻,gai3
繼,gai3
柑,gam1
今,gam1
甘,gam1
苷,gam1
金,gam1
泔,gam1
敢,gam2
橄,gam2
錦,gam2
感,gam2
贛,gam3
噤,gam3
淦,gam3
跟,gan1
根,gan1
巾,gan1
斤,gan1
哏,gan1
筋,gan1
緊,gan2
謹,gan2
僅,gan2
饉,gan2
瑾,gan2
堇,gan2
艮,gan3
靳,gan3
覲,gan3
近,gan6
羹,gang1
庚,gang1
耿,gang2
亙,gang2
埂,gang2
哽,gang2
急,gap1
蛤,gap3
訖,gat1
紇,gat1
嘎,gat3
疙,gat6
佝,gau1
鬮,gau1
鳩,gau1
枸,gau2
苟,gau2
狗,gau2
久,gau2
九,gau2
玖,gau2
韭,gau2
糾,gau2
疚,gau3
咎,gau3
柩,gau3
究,gau3
灸,gau3
救,gau3
詬,gau3
垢,gau3
廄,gau3
夠,gau3
舊,gau6
基,gei1
乩,gei1
箕,gei1
肌,gei1
畸,gei1
姬,gei1
犄,gei1
磯,gei1
譏,gei1
嘰,gei1
覊,gei1
几,gei1
畿,gei1
璣,gei1
飢,gei1
己,gei2
杞,gei2
紀,gei2
寄,gei3
既,gei3
記,gei3
覬,gei3
妓,gei6
技,gei6
伎,gei6
芰,gei6
忌,gei6
殭,geung1
羌,geung1
疆,geung1
蜣,geung1
薑,geung1
韁,geung1
姜,geung1
僵,geung1
強,geung6
擊,gik1
棘,gik1
殛,gik1
亟,gik1
戟,gik1
極,gik6
搛,gim1
兼,gim1
鶼,gim1
瞼,gim2
檢,gim2
撿,gim2
劍,gim3
儉,gim6
犍,gin1
堅,gin1
肩,gin1
建,gin3
見,gin3
鍵,gin6
件,gin6
健,gin6
荊,ging1
兢,ging1
涇,ging1
經,ging1
矜,ging1
京,ging1
景,ging2
境,ging2
警,ging2
竟,ging2
儆,ging2
憬,ging2
璟,ging2
敬,ging3
徑,ging3
逕,ging3
競,ging6
痙,ging6
潔,git3
結,git3
桀,git6
傑,git6
驕,giu1
嬌,giu1
繳,giu2
矯,giu2
叫,giu3
轎,giu6
皋,go1
羔,go1
睾,go1
糕,go1
高,go1
膏,go1
鎬,go2
杲,go2
藁,go2
槁,go2
稿,go2
縞,go2
郜,go3
鋯,go3
誥,go6
歌,goh1
哥,goh1
仡,goh1
旮,goh1
菏,goh1
個,goh3
該,goi1
賅,goi1
改,goi2
咯,gok1
擱,gok3
各,gok3
角,gok3
干,gon1
竿,gon1
杆,gon1
乾,gon1
趕,gon2
桿,gon2
擀,gon2
幹,gon3
岡,gong1
綱,gong1
崗,gong1
剛,gong1
江,gong1
肛,gong1
罡,gong1
港,gong2
鋼,gong3
降,gong3
絳,gong3
軲,goo1
觚,goo1
菇,goo1
辜,goo1
孤,goo1
咕,goo1
姑,goo1
沽,goo1
蛄,goo1
鈷,goo2
鼓,goo2
股,goo2
牯,goo2
古,goo2
蠱,goo2
僱,goo3
錮,goo3
顧,goo3
故,goo3
固,goo3
倌,goon1
莞,goon1
觀,goon1
棺,goon1
冠,goon1
官,goon1
脘,goon2
館,goon2
管,goon2
貫,goon3
灌,goon3
罐,goon3
盥,goon3
鸛,goon3
葛,got3
割,got3
蠲,guen1
涓,guen1
娟,guen1
鵑,guen1
卷,guen2
捲,guen2
券,guen3
鄄,guen3
眷,guen3
絹,guen3
倦,guen6
据,gui1
居,gui1
矩,gui2
櫸,gui2
蒟,gui2
齲,gui2
舉,gui2
莒,gui2
據,gui3
踞,gui3
鋸,gui3
遽,gui6
炬,gui6
鉅,gui6
懼,gui6
巨,gui6
具,gui6
颶,gui6
詎,gui6
苣,gui6
轂,guk1
鵠,guk1
谷,guk1
鞠,guk1
梏,guk1
嚳,guk1
菊,guk1
局,guk6
鋦,guk6
攻,gung1
功,gung1
宮,gung1
公,gung1
躬,gung1
龔,gung1
弓,gung1
供,gung1
蚣,gung1
恭,gung1
珙,gung2
鞏,gung2
拱,gung2
瓜,gwa1
呱,gwa1
寡,gwa2
褂,gwa3
卦,gwa3
掛,gwa3
乖,gwaai1
柺,gwaai2
蒯,gwaai2
拐,gwaai2
鰥,gwaan1
關,gwaan1
摜,gwaan3
刮,gwaat3
颳,gwaat3
鮭,gwai1
皈,gwai1
硅,gwai1
圭,gwai1
歸,gwai1
瑰,gwai1
閨,gwai1
鬼,gwai2
軌,gwai2
詭,gwai2
晷,gwai2
桂,gwai3
癸,gwai3
貴,gwai3
季,gwai3
悸,gwai3
跪,gwai6
簣,gwai6
饋,gwai6
均,gwan1
鋆,gwan1
綸,gwan1
鯤,gwan1
筠,gwan1
錕,gwan1
鈞,gwan1
軍,gwan1
君,gwan1
珺,gwan6
郡,gwan6
肱,gwang1
訇,gwang1
轟,gwang1
薨,gwang1
橘,gwat1
崛,gwat6
虢,gwik1
隙,gwik1
迥,gwing2
炯,gwing2
戈,gwoh1
裹,gwoh2
果,gwoh2
過,gwoh3
郭,gwok3
膕,gwok3
國,gwok3
幗,gwok3
廓,gwok3
光,gwong1
桄,gwong1
胱,gwong1
獷,gwong2
誑,gwong2
廣,gwong2
哈,ha1
瑕,ha4
霞,ha4
遐,ha4
夏,ha6
暇,ha6
下,ha6
廈,ha6
揩,haai1
嗨,haai1
諧,haai4
骸,haai4
孩,haai4
駭,haai5
獬,haai5
械,haai6
懈,haai6
邂,haai6
赫,haak1
客,haak3
函,haam4
咸,haam4
銜,haam4
涵,haam4
檻,haam5
餡,haam6
陷,haam6
閒,haan4
癇,haan4
嫺,haan4
限,haan6
坑,haang1
夯,haang1
嗑,haap3
掐,haap3
柙,haap6
篋,haap6
狎,haap6
峽,haap6
匣,haap6
狹,haap6
俠,haap6
哮,haau1
敲,haau1
烤,haau1
考,haau2
巧,haau2
拷,haau2
孝,haau3
効,haau6
傚,haau6
效,haau6
兮,hai4
鼷,hai4
奚,hai4
繫,hai6
系,hai6
可,hak1
克,hak1
剋,hak1
刻,hak1
氪,hak1
勘,ham1
龕,ham1
戡,ham1
蚶,ham1
憨,ham1
坎,ham2
砍,ham2
磡,ham3
瞰,ham3
崁,ham3
嵌,ham3
酣,ham4
晗,ham4
含,ham4
頷,ham5
撼,ham6
憾,ham6
很,han2
懇,han2
墾,han2
狠,han2
恨,han6
鏗,hang1
哼,hang1
亨,hang1
莖,hang1
啃,hang2
肯,hang2
恆,hang4
衡,hang4
桁,hang4
杏,hang6
幸,hang6
悻,hang6
倖,hang6
洽,hap1
磕,hap6
闔,hap6
頜,hap6
檄,hat6
閡,hat6
劾,hat6
轄,hat6
瞎,hat6
齕,hat6
核,hat6
齁,hau1
喉,hau4
侯,hau4
篌,hau4
瘊,hau4
猴,hau4
厚,hau5
後,hau6
逅,hau6
鱟,hau6
候,hau6
后,hau6
烯,hei1
禧,hei1
熙,hei1
嬉,hei1
曦,hei1
犧,hei1
稀,hei1
羲,hei1
醯,hei1
欷,hei1
希,hei1
嘻,hei1
唏,hei1
嘿,hei1
熹,hei1
浠,hei1
欺,hei1
豈,hei2
囍,hei2
喜,hei2
憩,hei3
汽,hei3
棄,hei3
氣,hei3
器,hei3
吃,hek3
香,heung1
鄉,heung1
晌,heung2
享,heung2
響,heung2
餉,heung2
饗,heung2
向,heung3
嚮,heung3
謙,him1
險,him2
欠,him3
芡,him3
掀,hin1
騫,hin1
牽,hin1
軒,hin1
繾,hin2
譴,hin2
蜆,hin2
顯,hin2
遣,hin2
憲,hin3
獻,hin3
馨,hing1
兄,hing1
卿,hing1
氫,hing1
輕,hing1
罄,hing3
磬,hing3
慶,hing3
脛,hing5
協,hip3
歉,hip3
怯,hip3
脅,hip3
愜,hip6
歇,hit3
驍,hiu1
僥,hiu1
鴞,hiu1
囂,hiu1
梟,hiu1
澆,hiu1
橇,hiu1
竅,hiu3
蒿,ho1
薅,ho1
耗,ho3
犒,ho3
號,ho4
壕,ho4
嚎,ho4
毫,ho4
嗥,ho4
豪,ho4
昊,ho6
浩,ho6
灝,ho6
皓,ho6
呵,hoh1
苛,hoh1
訶,hoh1
岢,hoh2
嗬,hoh2
坷,hoh2
何,hoh4
荷,hoh4
賀,hoh6
開,hoi1
咍,hoi1
鐦,hoi1
愷,hoi2
鎧,hoi2
海,hoi2
塏,hoi2
剴,hoi2
闓,hoi2
凱,hoi2
害,hoi6
亥,hoi6
氦,hoi6
殼,hok3
貉,hok6
鶴,hok6
罕,hon2
侃,hon2
刊,hon2
看,hon3
漢,hon3
汗,hon4
韓,hon4
鼾,hon4
寒,hon4
邯,hon4
旱,hon5
翰,hon6
焊,hon6
瀚,hon6
悍,hon6
捍,hon6
誆,hong1
劻,hong1
腔,hong1
康,hong1
匡,hong1
眶,hong1
筐,hong1
慷,hong2
航,hong4
吭,hong4
杭,hong4
項,hong6
巷,hong6
喝,hot3
渴,hot3
褐,hot3
鞨,hot3
喧,huen1
暄,huen1
萱,huen1
圈,huen1
壎,huen1
畎,huen2
犬,huen2
綣,huen3
勸,huen3
絢,huen3
血,huet3
虛,hui1
盱,hui1
吁,hui1
噓,hui1
歔,hui1
許,hui2
栩,hui2
詡,hui2
煦,hui2
去,hui3
哭,huk1
槲,huk6
酷,huk6
匈,hung1
空,hung1
凶,hung1
箜,hung1
崆,hung1
胸,hung1
兇,hung1
洶,hung1
恐,hung2
孔,hung2
汞,hung3
哄,hung3
控,hung3
烘,hung3
鬨,hung3
雄,hung4
鴻,hung4
洪,hung4
熊,hung4
虹,hung4
訌,hung4
糌,ja1
吒,ja1
咱,ja1
齇,ja1
楂,ja1
乍,ja3
炸,ja3
咤,ja3
榨,ja3
蚱,ja3
膪,ja6
嵖,ja6
齎,jaai1
債,jaai3
寨,jaai6
眥,jaai6
嘖,jaak3
擇,jaak6
澤,jaak6
躑,jaak6
擲,jaak6
宅,jaak6
謫,jaak6
嶄,jaam2
蘸,jaam3
湛,jaam3
鏨,jaam6
站,jaam6
暫,jaam6
攢,jaan2
讚,jaan3
棧,jaan6
撰,jaan6
饌,jaan6
綻,jaan6
咂,jaap3
匝,jaap3
砸,jaap3
眨,jaap3
集,jaap6
什,jaap6
襲,jaap6
隰,jaap6
習,jaap6
扎,jaat3
鍘,jaat3
札,jaat3
拶,jaat3
嘲,jaau1
找,jaau2
爪,jaau2
罩,jaau3
躋,jai1
齏,jai1
劑,jai1
濟,jai2
霽,jai3
祭,jai3
際,jai3
製,jai3
昃,jak1
則,jak1
側,jak1
箴,jam1
簪,jam1
砧,jam1
怎,jam2
鴆,jam6
珍,jan1
真,jan1
胗,jan1
疹,jan2
軫,jan2
賑,jan3
鎮,jan3
振,jan3
圳,jan3
陣,jan6
崢,jang1
僧,jang1
增,jang1
錚,jang1
箏,jang1
睜,jang1
猙,jang1
贈,jang6
汁,jap1
質,jat1
疾,jat6
桎,jat6
蟄,jat6
嫉,jat6
蛭,jat6
周,jau1
州,jau1
週,jau1
洲,jau1
謅,jau1
鄒,jau1
舟,jau1
輈,jau1
諏,jau1
陬,jau1
肘,jau2
帚,jau2
酒,jau2
揍,jau3
晝,jau3
咒,jau3
皺,jau3
縐,jau3
奏,jau3
冑,jau6
袖,jau6
鷲,jau6
紂,jau6
宙,jau6
驟,jau6
岫,jau6
嗟,je1
姐,je2
者,je2
借,je3
柘,je3
這,je5
謝,je6
隻,jek3
鄭,jeng6
斫,jeuk3
爵,jeuk3
鵲,jeuk3
酌,jeuk3
嚼,jeuk3
勺,jeuk3
桌,jeuk3
嫜,jeung1
張,jeung1
鄣,jeung1
漳,jeung1
獐,jeung1
彰,jeung1
樟,jeung1
漿,jeung1
蟑,jeung1
章,jeung1
璋,jeung1
掌,jeung2
蔣,jeung2
槳,jeung2
漲,jeung2
幛,jeung3
帳,jeung3
賬,jeung3
嶂,jeung3
脹,jeung3
障,jeung3
瘴,jeung3
醬,jeung3
象,jeung6
杖,jeung6
匠,jeung6
橡,jeung6
像,jeung6
丈,jeung6
滋,ji1
茲,ji1
吱,ji1
輜,ji1
肢,ji1
芝,ji1
齜,ji1
蜘,ji1
脂,ji1
貲,ji1
資,ji1
鼒,ji1
淄,ji1
氏,ji1
支,ji1
枝,ji1
姿,ji1
孜,ji1
咨,ji1
諮,ji1
之,ji1
旨,ji2
秭,ji2
酯,ji2
趾,ji2
姊,ji2
咫,ji2
祉,ji2
梓,ji2
滓,ji2
籽,ji2
址,ji2
紫,ji2
子,ji2
止,ji2
只,ji2
指,ji2
芷,ji2
致,ji3
輊,ji3
緻,ji3
誌,ji3
置,ji3
摯,ji3
智,ji3
痣,ji3
躓,ji3
志,ji3
恣,ji3
伺,ji6
雉,ji6
痔,ji6
俟,ji6
祀,ji6
自,ji6
稚,ji6
飼,ji6
嗣,ji6
耜,ji6
巳,ji6
治,ji6
峙,ji6
豸,ji6
寺,ji6
鯽,jik1
職,jik1
稷,jik1
績,jik1
陟,jik1
即,jik1
跡,jik1
瘠,jik3
炙,jik3
脊,jik3
席,jik6
藉,jik6
值,jik6
直,jik6
植,jik6
殖,jik6
夕,jik6
籍,jik6
汐,jik6
矽,jik6
寂,jik6
蓆,jik6
霑,jim1
瞻,jim1
沾,jim1
尖,jim1
詹,jim1
譫,jim1
佔,jim3
漸,jim6
箋,jin1
煎,jin1
羶,jin1
氈,jin1
翦,jin2
碾,jin2
剪,jin2
輾,jin2
展,jin2
闡,jin2
餞,jin3
箭,jin3
戰,jin3
顫,jin3
濺,jin3
賤,jin6
菁,jing1
癥,jing1
偵,jing1
睛,jing1
貞,jing1
鉦,jing1
禎,jing1
晶,jing1
旌,jing1
徵,jing1
怔,jing1
征,jing1
烝,jing1
蒸,jing1
井,jing2
症,jing3
證,jing3
政,jing3
靖,jing6
靜,jing6
淨,jing6
阱,jing6
接,jip3
摺,jip3
囁,jip3
褶,jip3
浹,jip3
輒,jip3
楫,jip3
唧,jit1
櫛,jit3
婕,jit3
哲,jit3
癤,jit3
蜇,jit3
節,jit3
浙,jit3
捷,jit6
睫,jit6
截,jit6
礁,jiu1
椒,jiu1
焦,jiu1
招,jiu1
蕉,jiu1
沼,jiu2
剿,jiu2
詔,jiu3
召,jiu6
趙,jiu6
遭,jo1
租,jo1
糟,jo1
棗,jo2
祖,jo2
早,jo2
駔,jo2
藻,jo2
組,jo2
澡,jo2
蚤,jo2
灶,jo3
皂,jo6
做,jo6
慥,jo6
左,joh2
俎,joh2
佐,joh3
詛,joh3
座,joh6
唑,joh6
助,joh6
栽,joi1
哉,joi1
災,joi1
崽,joi2
宰,joi2
載,joi2
再,joi3
在,joi6
昨,jok3
鑿,jok6
擢,jok6
妝,jong1
樁,jong1
莊,jong1
髒,jong1
贓,jong1
壯,jong3
葬,jong3
撞,jong6
狀,jong6
臟,jong6
奘,jong6
豬,jue1
珠,jue1
茱,jue1
誅,jue1
株,jue1
銖,jue1
朱,jue1
諸,jue1
侏,jue1
蛛,jue1
煮,jue2
主,jue2
炷,jue3
蛀,jue3
註,jue3
注,jue3
駐,jue3
住,jue6
箸,jue6
專,juen1
顓,juen1
尊,juen1
磚,juen1
鱒,juen1
鐫,juen1
轉,juen2
纂,juen2
鑽,juen3
啜,juet3
拙,juet3
掇,juet3
輟,juet3
茁,juet3
絕,juet6
狙,jui1
錐,jui1
椎,jui1
追,jui1
蛆,jui1
沮,jui2
齟,jui2
醉,jui3
最,jui3
惴,jui3
贅,jui3
罪,jui6
漵,jui6
聚,jui6
嶼,jui6
墜,jui6
敘,jui6
序,jui6
綴,jui6
竺,juk1
矚,juk1
足,juk1
燭,juk1
祝,juk1
築,juk1
囑,juk1
軸,juk6
族,juk6
鐲,juk6
續,juk6
妯,juk6
俗,juk6
鏃,juk6
躅,juk6
逐,juk6
諄,jun1
榛,jun1
臻,jun1
津,jun1
遵,jun1
儘,jun2
准,jun2
隼,jun2
準,jun2
晉,jun3
進,jun3
竣,jun3
縉,jun3
駿,jun3
俊,jun3
峻,jun3
燼,jun6
盡,jun6
忠,jung1
鍾,jung1
棕,jung1
螽,jung1
盅,jung1
蹤,jung1
鬃,jung1
終,jung1
中,jung1
宗,jung1
衷,jung1
綜,jung1
種,jung2
腫,jung2
總,jung2
眾,jung3
誦,jung6
訟,jung6
頌,jung6
卒,jut1
黜,jut1
怵,jut1
卡,ka1
喀,ka1
髂,ka3
蒈,kaai2
鍇,kaai2
揢,kaak3
銬,kaau3
蹊,kai1
溪,kai1
稽,kai1
嵇,kai1
啟,kai2
襟,kam1
禽,kam4
琴,kam4
噙,kam4
妗,kam5
芹,kan4
勤,kan4
吸,kap1
給,kap1
汲,kap1
笈,kap1
級,kap1
歙,kap1
及,kap6
芨,kap6
摳,kau1
篝,kau1
釦,kau3
叩,kau3
扣,kau3
蔻,kau3
寇,kau3
媾,kau3
購,kau3
構,kau3
求,kau4
裘,kau4
毬,kau4
虯,kau4
犰,kau4
逑,kau4
球,kau4
臼,kau5
舅,kau5
茄,ke2
瘸,ke4
騎,ke4
崎,kei1
冀,kei3
暨,kei3
驥,kei3
鰭,kei4
旗,kei4
岐,kei4
棋,kei4
琪,kei4
旂,kei4
琦,kei4
歧,kei4
淇,kei4
祈,kei4
其,kei4
萁,kei4
麒,kei4
期,kei4
耆,kei4
祁,kei4
蘄,kei4
祺,kei4
劇,kek6
卻,keuk3
噱,keuk6
羥,keung5
黔,kim4
鉗,kim4
掮,kin4
虔,kin4
頃,king2
黥,king4
瓊,king4
擎,king4
鯨,king4
黠,kit3
頡,kit3
揭,kit3
鍥,kit3
詰,kit3
羯,kit3
竭,kit3
孑,kit3
擷,kit3
翹,kiu3
僑,kiu4
橋,kiu4
蕎,kiu4
喬,kiu4
鈣,koi3
慨,koi3
溉,koi3
概,koi3
愾,koi3
丐,koi3
欬,koi3
確,kok3
榷,kok3
郝,kok3
恪,kok3
慤,kok3
壑,kok3
涸,kok3
扛,kong1
伉,kong3
抗,kong3
閌,kong3
擴,kong3
亢,kong3
炕,kong3
箍,koo1
鱠,kooi2
潰,kooi2
獪,kooi2
聵,kooi2
繪,kooi2
膾,kooi2
賄,kooi2
劊,kooi2
檜,kooi2
澮,kooi2
鄶,kooi2
儈,kooi2
會,kooi2
括,koot3
聒,koot3
蛞,koot3
權,kuen4
蜷,kuen4
顴,kuen4
鬈,kuen4
厥,kuet3
孓,kuet3
獗,kuet3
決,kuet3
訣,kuet3
缺,kuet3
蹶,kuet3
蕨,kuet3
撅,kuet3
闕,kuet3
抉,kuet3
橛,kuet3
嶇,kui1
駒,kui1
軀,kui1
驅,kui1
祛,kui1
俱,kui1
區,kui1
拘,kui1
渠,kui4
瞿,kui4
蠼,kui4
衢,kui4
朐,kui4
璩,kui4
拒,kui5
距,kui5
麴,kuk1
穹,kung4
窮,kung4
邛,kung4
夸,kwa1
垮,kwa1
誇,kwa1
侉,kwa2
跨,kwa3
胯,kwa3
挎,kwa3
框,kwaang1
逛,kwaang3
規,kwai1
巋,kwai1
窺,kwai1
虧,kwai1
盔,kwai1
睽,kwai4
馗,kwai4
葵,kwai4
畦,kwai4
夔,kwai4
暌,kwai4
喹,kwai4
攜,kwai4
揆,kwai4
愧,kwai5
坤,kwan1
昆,kwan1
崑,kwan1
髡,kwan1
焜,kwan1
菌,kwan2
捆,kwan2
困,kwan3
睏,kwan3
窘,kwan3
群,kwan4
曠,kwong3
鄺,kwong3
礦,kwong3
狂,kwong4
喇,la1
啦,la1
癩,laai3
落,laai6
籟,laai6
婪,laam4
藍,laam4
嵐,laam4
襤,laam4
覽,laam5
濫,laam6
艦,laam6
纜,laam6
斕,laan4
蘭,laan4
欄,laan4
攔,laan4
闌,laan4
襴,laan4
瀾,laan4
懶,laan5
爛,laan6
砬,laap6
垃,laap6
立,laap6
蠟,laap6
臘,laap6
邋,laap6
辣,laat6
犂,lai4
犁,lai4
藜,lai4
蠡,lai4
醴,lai5
鱧,lai5
澧,lai5
禮,lai5
麗,lai6
蠣,lai6
例,lai6
礪,lai6
勵,lai6
儷,lai6
荔,lai6
肋,lak6
鰳,lak6
勒,lak6
啉,lam4
淋,lam4
琳,lam4
霖,lam4
臨,lam4
林,lam4
懍,lam5
凜,lam5
劉,lau4
婁,lau4
琉,lau4
瀏,lau4
榴,lau4
螻,lau4
硫,lau4
僂,lau4
髏,lau4
瘤,lau4
留,lau4
騮,lau4
柳,lau5
簍,lau5
溜,lau6
陋,lau6
餾,lau6
遛,lau6
鏤,lau6
蹓,lau6
哩,le1
咧,le1
璃,lei1
喱,lei1
罹,lei4
縭,lei4
梨,lei4
蜊,lei4
漓,lei4
鱺,lei4
離,lei4
釐,lei4
狸,lei4
籬,lei4
履,lei5
李,lei5
里,lei5
鯉,lei5
鋰,lei5
邐,lei5
娌,lei5
俚,lei5
蒞,lei6
俐,lei6
吏,lei6
痢,lei6
猁,lei6
莉,lei6
略,leuk6
掠,leuk6
兩,leung2
莨,leung4
粱,leung4
良,leung4
梁,leung4
涼,leung4
量,leung4
倆,leung5
魎,leung5
亮,leung6
輛,leung6
諒,leung6
踉,leung6
靂,lik1
櫪,lik1
礫,lik1
瀝,lik1
力,lik6
曆,lik6
歷,lik6
令,lim1
鐮,lim4
帘,lim4
簾,lim4
廉,lim4
殮,lim5
臉,lim5
斂,lim6
襝,lim6
鏈,lin4
連,lin4
憐,lin4
漣,lin4
蓮,lin4
輦,lin5
攆,lin5
煉,lin6
練,lin6
呤,ling4
櫺,ling4
翎,ling4
苓,ling4
羚,ling4
稜,ling4
綾,ling4
菱,ling4
零,ling4
鈴,ling4
靈,ling4
蛉,ling4
伶,ling4
陵,ling4
聆,ling4
齡,ling4
凌,ling4
囹,ling4
玲,ling4
鯪,ling4
領,ling5
嶺,ling5
愣,ling6
另,ling6
獵,lip6
鬣,lip6
列,lit6
裂,lit6
捩,lit6
烈,lit6
冽,lit6
撂,liu1
遼,liu4
僚,liu4
嘹,liu4
獠,liu4
寮,liu4
瞭,liu4
燎,liu4
療,liu4
聊,liu4
寥,liu4
鐐,liu4
繚,liu4
了,liu5
潦,liu5
尥,liu6
廖,liu6
嚕,lo1
爐,lo4
盧,lo4
顱,lo4
廬,lo4
勞,lo4
牢,lo4
癆,lo4
醪,lo4
蘆,lo4
轤,lo4
嘮,lo4
瀘,lo4
鱸,lo4
臚,lo4
擄,lo5
姥,lo5
老,lo5
魯,lo5
鹵,lo5
滷,lo5
櫓,lo5
虜,lo5
露,lo6
澇,lo6
鷺,lo6
賂,lo6
輅,lo6
潞,lo6
嫪,lo6
璐,lo6
路,lo6
旯,loh1
裸,loh2
蘿,loh4
鑼,loh4
邏,loh4
玀,loh4
崍,loi4
徠,loi4
淶,loi4
萊,loi4
來,loi4
賚,loi6
睞,loi6
耒,loi6
珞,lok3
鉻,lok3
酪,lok3
絡,lok3
餎,lok3
烙,lok3
洛,lok3
駱,lok3
樂,lok6
郎,long2
榔,long4
鋃,long4
廊,long4
螂,long4
瑯,long4
朗,long5
晾,long6
蒗,long6
閬,long6
戀,luen2
臠,luen2
欒,luen4
鸞,luen4
孿,luen4
巒,luen4
灤,luen4
亂,luen6
捋,luet3
劣,luet3
纍,lui4
雷,lui4
縲,lui4
嫘,lui4
羸,lui4
鐳,lui4
擂,lui4
閭,lui4
櫚,lui4
膂,lui5
旅,lui5
壘,lui5
呂,lui5
屢,lui5
累,lui5
裡,lui5
儡,lui5
磊,lui5
縷,lui5
鋁,lui5
侶,lui5
蕾,lui5
慮,lui6
戾,lui6
淚,lui6
濾,lui6
類,lui6
碌,luk1
麓,luk1
錄,luk6
六,luk6
氯,luk6
祿,luk6
綠,luk6
鹿,luk6
陸,luk6
漉,luk6
卵,lun2
淪,lun4
磷,lun4
麟,lun4
鄰,lun4
圇,lun4
侖,lun4
璘,lun4
遴,lun4
崙,lun4
倫,lun4
鱗,lun4
嶙,lun4
粼,lun4
論,lun4
掄,lun4
藺,lun6
躪,lun6
吝,lun6
瓏,lung4
曨,lung4
嚨,lung4
聾,lung4
蘢,lung4
矓,lung4
隆,lung4
龍,lung4
朧,lung4
壟,lung5
隴,lung5
攏,lung5
弄,lung6
溧,lut6
鷸,lut6
慄,lut6
傈,lut6
律,lut6
率,lut6
栗,lut6
篥,lut6
媽,ma1
嗎,ma1
嘛,ma3
麻,ma4
痲,ma4
蟆,ma4
馬,ma5
獁,ma5
瑪,ma5
螞,ma5
碼,ma5
罵,ma6
霾,maai4
蕒,maai5
買,maai5
邁,maai6
賣,maai6
慢,maan2
謾,maan4
鰻,maan4
蠻,maan4
饅,maan4
蔓,maan4
晚,maan5
漫,maan6
幔,maan6
萬,maan6
嫚,maan6
鏝,maan6
墁,maan6
縵,maan6
熳,maan6
曼,maan6
蜢,maang5
勐,maang5
錳,maang5
貓,maau1
茅,maau4
矛,maau4
鉚,maau5
卯,maau5
懋,maau6
貌,maau6
袤,maau6
醚,mai4
瞇,mai4
迷,mai4
謎,mai4
米,mai5
袂,mai6
万,mak6
麥,mak6
脈,mak6
默,mak6
驀,mak6
貘,mak6
陌,mak6
緡,man4
聞,man4
文,man4
玟,man4
紋,man4
雯,man4
民,man4
岷,man4
旻,man4
忞,man4
珉,man4
苠,man4
氓,man4
鰵,man5
抿,man5
憫,man5
刎,man5
閩,man5
閔,man5
吻,man5
泯,man5
敏,man5
黽,man5
愍,man5
湣,man5
澠,man5
汶,man6
問,man6
紊,man6
萌,mang4
勿,mat6
密,mat6
蜜,mat6
物,mat6
嘧,mat6
謐,mat6
哞,mau1
眸,mau4
牟,mau4
謀,mau4
繆,mau4
某,mau5
畝,mau5
牡,mau5
謬,mau6
貿,mau6
哶,me1
楣,mei4
嵋,mei4
靡,mei4
蘼,mei4
眉,mei4
微,mei4
薇,mei4
湄,mei4
麋,mei4
獼,mei4
瀰,mei4
鎂,mei5
美,mei5
娓,mei5
媺,mei5
魅,mei6
寐,mei6
媚,mei6
命,meng6
冪,mik6
汨,mik6
鼏,mik6
覓,mik6
棉,min4
綿,min4
眠,min4
靦,min5
免,min5
娩,min5
冕,min5
緬,min5
勉,min5
麵,min6
洺,ming4
鳴,ming4
溟,ming4
螟,ming4
冥,ming4
瞑,ming4
銘,ming4
暝,ming4
皿,ming5
酩,ming5
茗,ming5
滅,mit6
篾,mit6
衊,mit6
蔑,mit6
苗,miu4
描,miu4
渺,miu5
杳,miu5
秒,miu5
邈,miu5
藐,miu5
淼,miu5
緲,miu5
妙,miu6
廟,miu6
誣,mo4
蕪,mo4
無,mo4
毛,mo4
毋,mo4
膜,mo4
謨,mo4
摹,mo4
髦,mo4
巫,mo4
模,mo4
氂,mo4
姆,mo5
武,mo5
母,mo5
侮,mo5
鵡,mo5
舞,mo5
拇,mo5
嫵,mo5
婺,mo6
暮,mo6
冒,mo6
戊,mo6
鶩,mo6
瑁,mo6
務,mo6
耄,mo6
騖,mo6
慕,mo6
募,mo6
墓,mo6
摩,moh1
麼,moh1
魔,moh1
摸,moh2
磨,moh4
蘑,moh4
饃,moh4
剝,mok1
漠,mok6
幕,mok6
莫,mok6
寞,mok6
茫,mong4
忘,mong4
芒,mong4
忙,mong4
亡,mong4
鋩,mong4
莽,mong4
虻,mong4
罔,mong5
輞,mong5
魍,mong5
網,mong5
蟒,mong5
惘,mong5
妄,mong5
媒,mooi4
煤,mooi4
玫,mooi4
枚,mooi4
莓,mooi4
酶,mooi4
梅,mooi4
每,mooi5
鞔,moon4
瞞,moon4
們,moon4
捫,moon4
蟎,moon5
滿,moon5
悶,moon6
燜,moon6
沫,moot3
歿,moot6
末,moot6
沒,moot6
茉,moot6
靺,moot6
牧,muk6
睦,muk6
鉬,muk6
沐,muk6
穆,muk6
仫,muk6
苜,muk6
目,muk6
朦,mung4
曚,mung4
檬,mung4
濛,mung4
蠓,mung5
夢,mung6
哪,na1
娜,na4
拿,na4
南,na4
那,na5
乃,naai5
氖,naai5
鼐,naai5
男,naam4
楠,naam4
喃,naam4
腩,naam5
難,naan4
赧,naan5
納,naap6
吶,naap6
鈉,naap6
衲,naap6
捺,naat6
孬,naau1
鐃,naau4
錨,naau4
撓,naau4
橈,naau4
猱,naau4
淖,naau6
稔,nam5
能,nang4
朽,nau2
妞,nau2
狃,nau2
紐,nau2
彌,nei4
怩,nei4
鈮,nei4
妮,nei4
尼,nei4
您,nei5
妳,nei5
你,nei5
旎,nei5
膩,nei6
餌,nei6
娘,neung4
嗯,ng2
吳,ng4
吾,ng4
梧,ng4
鼯,ng4
蜈,ng4
忤,ng5
五,ng5
午,ng5
伍,ng5
牾,ng5
焐,ng6
摀,ng6
悟,ng6
誤,ng6
晤,ng6
芽,nga4
瓦,nga5
雅,nga5
佤,nga5
訝,nga6
涯,ngaai4
睚,ngaai4
厓,ngaai4
崖,ngaai4
砹,ngaai6
刈,ngaai6
艾,ngaai6
額,ngaak6
岩,ngaam4
顏,ngaan4
贗,ngaan6
雁,ngaan6
硬,ngaang6
淆,ngaau4
餚,ngaau4
爻,ngaau4
咬,ngaau5
霓,ngai4
危,ngai4
巍,ngai4
猊,ngai4
倪,ngai4
偽,ngai6
羿,ngai6
睨,ngai6
藝,ngai6
毅,ngai6
囈,ngai6
詣,ngai6
魏,ngai6
齗,ngan4
垠,ngan4
沂,ngan4
齦,ngan4
迄,ngat6
圪,ngat6
兀,ngat6
屹,ngat6
杌,ngat6
牛,ngau4
藕,ngau5
偶,ngau5
齧,ngit6
懊,ngo3
奧,ngo3
澳,ngo3
襖,ngo3
敖,ngo4
鰲,ngo4
翱,ngo4
螯,ngo4
獒,ngo4
驁,ngo4
熬,ngo4
遨,ngo4
傲,ngo6
娥,ngoh4
鵝,ngoh4
俄,ngoh4
峨,ngoh4
訛,ngoh4
哦,ngoh4
莪,ngoh4
我,ngoh5
臥,ngoh6
餓,ngoh6
外,ngoi6
礙,ngoi6
岳,ngok6
嶽,ngok6
鄂,ngok6
鱷,ngok6
顎,ngok6
噩,ngok6
愕,ngok6
岸,ngon6
犴,ngon6
骯,ngong1
盎,ngong3
昂,ngong4
暱,nik1
溺,nik1
拈,nim1
黏,nim1
粘,nim1
鯰,nim4
唸,nim6
念,nim6
年,nin4
寧,ning4
嚀,ning4
獰,ning4
檸,ning4
濘,ning6
佞,ning6
鎳,nip1
捏,nip6
躡,nip6
隉,nip6
聶,nip6
顳,nip6
涅,nip6
鑷,nip6
鳥,niu5
裊,niu5
尿,niu6
奴,no4
弩,no5
腦,no5
惱,no5
瑙,no5
努,no5
怒,no6
挪,noh4
挼,noh4
懦,noh6
糯,noh6
奈,noi6
內,noi6
諾,nok6
饢,nong4
囔,nong4
瓤,nong4
囊,nong4
齉,nong6
釹,nui5
餒,nui5
忸,nuk6
農,nung4
儂,nung4
膿,nung4
濃,nung4
訥,nut6
媼,o2
喔,oh1
軻,oh1
柯,oh1
珂,oh1
婀,oh1
噢,oh1
哀,oi1
埃,oi1
靉,oi2
曖,oi2
毐,oi2
璦,oi3
噁,ok3
堊,ok3
鞍,on1
銨,on1
胺,on1
桉,on1
氨,on1
安,on1
摁,on3
案,on3
趴,pa1
怕,pa3
爬,pa4
杷,pa4
琶,pa4
耙,pa4
哌,paai3
湃,paai3
俳,paai4
啪,paak1
帕,paak3
柏,paak3
拍,paak3
魄,paak3
珀,paak3
攀,paan1
扳,paan1
盼,paan3
袢,paan3
澎,paang1
烹,paang1
鵬,paang4
硼,paang4
彭,paang4
膨,paang4
棒,paang5
拋,paau1
脬,paau1
跑,paau2
疱,paau3
炮,paau3
咆,paau4
庖,paau4
麅,paau4
匏,paau4
睥,pai5
噴,pan3
顰,pan4
嬪,pan4
貧,pan4
頻,pan4
牝,pan5
朋,pang4
憑,pang4
匹,pat1
疋,pat1
剖,pau2
丕,pei1
披,pei1
紕,pei1
狉,pei1
呸,pei1
仳,pei2
痞,pei2
鄙,pei2
吡,pei2
圮,pei2
屁,pei3
譬,pei3
濞,pei3
媲,pei3
枇,pei4
疲,pei4
琵,pei4
貔,pei4
毗,pei4
蜱,pei4
郫,pei4
邳,pei4
婢,pei5
劈,pek3
癖,pik1
辟,pik1
僻,pik1
闢,pik1
霹,pik1
編,pin1
偏,pin1
翩,pin1
篇,pin1
蝙,pin1
遍,pin3
騙,pin3
駢,pin4
姘,ping1
怦,ping1
娉,ping1
抨,ping1
砰,ping1
聘,ping3
坪,ping4
蘋,ping4
萍,ping4
瓶,ping4
評,ping4
瞥,pit3
撇,pit3
縹,piu1
漂,piu1
嘌,piu1
飄,piu1
票,piu3
剽,piu3
嫖,piu4
朴,piu4
瓢,piu4
瞟,piu5
鰾,piu5
鋪,po1
浦,po2
溥,po2
譜,po2
普,po2
脯,po2
匍,po4
莆,po4
葡,po4
菩,po4
袍,po4
抱,po5
頗,poh1
坡,poh1
棵,poh1
笸,poh2
叵,poh2
婆,poh4
鄱,poh4
釙,pok3
噗,pok3
樸,pok3
璞,pok3
粕,pok3
謗,pong3
螃,pong4
旁,pong4
滂,pong4
龐,pong4
蚌,pong5
坯,pooi1
胚,pooi1
配,pooi3
霈,pooi3
珮,pooi3
佩,pooi3
沛,pooi3
賠,pooi4
裴,pooi4
徘,pooi4
陪,pooi4
培,pooi4
倍,pooi5
蓓,pooi5
潘,poon1
判,poon3
盤,poon4
蟠,poon4
盆,poon4
槃,poon4
磐,poon4
蹣,poon4
潑,poot3
捧,pung2
碰,pung3
篷,pung4
芃,pung4
蓬,pung4
砂,sa1
痧,sa1
啥,sa1
裟,sa1
鯊,sa1
紗,sa1
莎,sa1
灑,sa2
耍,sa2
徙,saai2
璽,saai2
三,saam1
仨,saam1
叄,saam1
山,saan1
珊,saan1
拴,saan1
舢,saan1
潸,saan1
刪,saan1
姍,saan1
跚,saan1
栓,saan1
訕,saan3
汕,saan3
疝,saan3
傘,saan3
涮,saan3
篡,saan3
牲,saang1
甥,saang1
颯,saap3
圾,saap3
煞,saat3
鎩,saat3
殺,saat3
撒,saat3
薩,saat3
梢,saau1
捎,saau1
稍,saau2
哨,saau3
犀,sai1
嘶,sai1
舾,sai1
西,sai1
篩,sai1
硒,sai1
駛,sai2
洗,sai2
婿,sai3
世,sai3
勢,sai3
逝,sai6
筮,sai6
誓,sai6
噬,sai6
噻,sak1
芯,sam1
心,sam1
深,sam1
郴,sam1
琛,sam1
森,sam1
瀋,sam2
審,sam2
沈,sam2
嬸,sam2
滲,sam3
沁,sam3
涔,sam4
岑,sam4
梣,sam4
忱,sam4
甚,sam6
椹,sam6
新,san1
娠,san1
呻,san1
伸,san1
砷,san1
薪,san1
燊,san1
身,san1
莘,san1
紳,san1
辛,san1
鋅,san1
申,san1
晨,san4
辰,san4
神,san4
臣,san4
慎,san6
蜃,san6
笙,sang1
擤,sang3
蹭,sang3
濕,sap1
澀,sap1
霎,sap3
十,sap6
拾,sap6
瑟,sat1
蝨,sat1
失,sat1
膝,sat1
室,sat1
羞,sau1
嗖,sau1
颼,sau1
螋,sau1
餿,sau1
修,sau1
搜,sau1
手,sau2
首,sau2
嗾,sau2
守,sau2
擻,sau2
艘,sau2
獸,sau3
狩,sau3
嗽,sau3
鏽,sau3
繡,sau3
漱,sau3
琇,sau3
瘦,sau3
秀,sau3
愁,sau4
綬,sau6
授,sau6
受,sau6
售,sau6
些,se1
寫,se2
捨,se2
赦,se3
舍,se3
猞,se3
卸,se3
畲,se4
社,se5
麝,se6
射,se6
死,sei2
四,sei3
碩,sek6
爍,seuk3
鑠,seuk3
傷,seung1
商,seung1
觴,seung1
湘,seung1
箱,seung1
鸘,seung1
殤,seung1
鑲,seung1
襄,seung1
廂,seung1
霜,seung1
孀,seung1
雙,seung1
想,seung2
鯗,seung2
賞,seung2
嫦,seung4
徜,seung4
嚐,seung4
償,seung4
裳,seung4
常,seung4
嘗,seung4
上,seung5
尚,seung6
屍,si1
私,si1
師,si1
斯,si1
司,si1
絲,si1
廝,si1
獅,si1
施,si1
詩,si1
尸,si1
撕,si1
蓍,si1
思,si1
史,si2
肆,si3
弒,si3
試,si3
駟,si3
嗜,si3
諡,si3
泗,si3
時,si4
鰣,si4
蒔,si4
市,si5
侍,si6
豉,si6
示,si6
視,si6
是,si6
事,si6
仕,si6
士,si6
熄,sik1
軾,sik1
昔,sik1
皙,sik1
息,sik1
拭,sik1
螫,sik1
惜,sik1
銫,sik1
悉,sik1
蟋,sik1
淅,sik1
釋,sik1
嗇,sik1
析,sik1
晰,sik1
飾,sik1
式,sik1
媳,sik1
適,sik1
蜥,sik1
色,sik1
閃,sim2
陝,sim2
禪,sim4
蟾,sim4
贍,sim6
鮮,sin1
仙,sin1
酰,sin1
氙,sin1
癬,sin2
冼,sin2
腺,sin3
霰,sin3
煽,sin3
騸,sin3
扇,sin3
線,sin3
蟬,sin4
鱔,sin5
繕,sin6
鄯,sin6
羨,sin6
膳,sin6
嬗,sin6
倩,sin6
善,sin6
擅,sin6
茜,sin6
陞,sing1
昇,sing1
勝,sing1
惺,sing1
升,sing1
猩,sing1
腥,sing1
醒,sing2
聖,sing3
姓,sing3
性,sing3
乘,sing4
丞,sing4
城,sing4
承,sing4
盛,sing4
誠,sing4
嵊,sing6
涉,sip3
懾,sip3
屑,sit3
洩,sit3
竊,sit3
舌,sit3
薛,sit3
楔,sit3
絏,sit3
褻,sit3
揳,sit3
簫,siu1
魈,siu1
消,siu1
瀟,siu1
韶,siu1
霄,siu1
逍,siu1
硝,siu1
蕭,siu1
銷,siu1
宵,siu1
筱,siu2
小,siu2
嘯,siu3
邵,siu6
紹,siu6
劭,siu6
兆,siu6
肇,siu6
穌,so1
甦,so1
搔,so1
蘇,so1
酥,so1
囌,so1
嫂,so2
數,so2
素,so3
愫,so3
訴,so3
溯,so3
塑,so3
梭,soh1
疏,soh1
蔬,soh1
嗦,soh1
唆,soh1
羧,soh1
蓑,soh1
所,soh2
瑣,soh2
嗩,soh2
傻,soh4
鰓,soi1
腮,soi1
說,sok3
朔,sok3
桑,song1
搡,song2
嗓,song2
舒,sue1
抒,sue1
樞,sue1
紓,sue1
輸,sue1
書,sue1
黍,sue2
暑,sue2
戍,sue3
恕,sue3
庶,sue3
殊,sue4
樹,sue6
豎,sue6
酸,suen1
宣,suen1
孫,suen1
猻,suen1
狻,suen1
蓀,suen1
飧,suen1
悛,suen1
瑄,suen1
損,suen2
選,suen2
算,suen3
蒜,suen3
渲,suen3
船,suen4
漩,suen4
旋,suen4
璇,suen4
雋,suen5
吮,suen5
篆,suen6
鱈,suet3
胥,sui1
雖,sui1
睢,sui1
須,sui1
荽,sui1
綏,sui1
需,sui1
濉,sui1
帥,sui3
稅,sui3
歲,sui3
碎,sui3
誰,sui4
垂,sui4
墅,sui5
緒,sui5
髓,sui5
絮,sui5
瑞,sui6
睡,sui6
悴,sui6
隧,sui6
粹,sui6
穗,sui6
祟,sui6
遂,sui6
邃,sui6
燧,sui6
萃,sui6
瘁,sui6
縮,suk1
夙,suk1
僳,suk1
蓿,suk1
鷫,suk1
叔,suk1
倏,suk1
粟,suk1
肅,suk1
熟,suk6
蜀,suk6
孰,suk6
菽,suk6
塾,suk6
淑,suk6
屬,suk6
贖,suk6
詢,sun1
峋,sun1
殉,sun1
荀,sun1
榫,sun2
巽,sun3
信,sun3
浚,sun3
迅,sun3
瞬,sun3
遜,sun3
汛,sun3
訊,sun3
舜,sun3
囟,sun3
純,sun4
醇,sun4
脣,sun4
淳,sun4
鶉,sun4
順,sun6
淞,sung1
忪,sung1
嵩,sung1
悚,sung2
聳,sung2
竦,sung2
送,sung3
宋,sung3
崇,sung4
摔,sut1
戌,sut1
恤,sut1
沭,sut6
述,sut6
術,sut6
鉈,ta1
牠,ta1
她,ta1
它,ta1
祂,ta1
他,ta1
太,taai3
泰,taai3
傣,taai3
鈦,taai3
貸,taai3
汰,taai3
態,taai3
貪,taam1
毯,taam2
罈,taam3
覃,taam4
曇,taam4
談,taam4
潭,taam4
譚,taam4
郯,taam4
痰,taam4
坍,taan1
灘,taan1
坦,taan2
袒,taan2
亶,taan2
鉭,taan2
疸,taan2
忐,taan2
炭,taan3
碳,taan3
檀,taan4
壇,taan4
榻,taap3
塌,taap3
遢,taap3
趿,taat3
躂,taat3
韃,taat3
闥,taat3
體,tai2
涕,tai3
嚏,tai3
剃,tai3
替,tai3
屜,tai3
緹,tai4
堤,tai4
啼,tai4
鵜,tai4
醍,tai4
蹄,tai4
提,tai4
題,tai4
飩,tan1
吞,tan1
疼,tang4
騰,tang4
謄,tang4
滕,tang4
藤,tang4
偷,tau1
透,tau3
投,tau4
頭,tau4
骰,tau4
踢,tek3
忑,tik1
忒,tik1
倜,tik1
鋱,tik1
惕,tik1
舔,tim2
甜,tim4
恬,tim4
天,tin1
腆,tin2
鈿,tin4
田,tin4
闐,tin4
填,tin4
滇,tin4
殄,tin5
烴,ting1
廳,ting1
婷,ting4
蜓,ting4
庭,ting4
廷,ting4
霆,ting4
亭,ting4
挺,ting5
鋌,ting5
艇,ting5
帖,tip3
萜,tip3
貼,tip3
鐵,tit3
餮,tit3
挑,tiu1
跳,tiu3
眺,tiu3
迢,tiu4
條,tiu4
笤,tiu4
齠,tiu4
髫,tiu4
窕,tiu5
滔,to1
饕,to1
韜,to1
釷,to2
討,to2
土,to2
禱,to2
吐,to3
套,to3
萄,to4
鼗,to4
洮,to4
掏,to4
塗,to4
逃,to4
圖,to4
涂,to4
濤,to4
桃,to4
屠,to4
陶,to4
啕,to4
徒,to4
途,to4
荼,to4
淘,to4
檮,to4
拖,toh1
妥,toh2
橢,toh2
唾,toh3
沱,toh4
陀,toh4
駝,toh4
鴕,toh4
舵,toh4
苔,toi1
胎,toi1
台,toi4
跆,toi4
颱,toi4
薹,toi4
抬,toi4
託,tok3
橐,tok3
托,tok3
拓,tok3
庹,tok3
湯,tong1
淌,tong2
倘,tong2
躺,tong2
儻,tong2
帑,tong2
熨,tong3
蹚,tong3
趟,tong3
燙,tong3
唐,tong4
幢,tong4
醣,tong4
溏,tong4
塘,tong4
膛,tong4
螳,tong4
棠,tong4
搪,tong4
團,tuen4
豚,tuen4
囤,tuen4
屯,tuen4
糰,tuen4
臀,tuen4
推,tui1
腿,tui2
退,tui3
蛻,tui3
頹,tui4
禿,tuk1
湍,tun1
彖,tun3
盾,tun5
通,tung1
統,tung2
桶,tung2
捅,tung2
筒,tung2
桐,tung4
瞳,tung4
童,tung4
潼,tung4
銅,tung4
峒,tung4
酮,tung4
衕,tung4
佟,tung4
僮,tung4
彤,tung4
甕,ung3
齆,ung3
娃,wa1
窪,wa1
哇,wa1
蛙,wa1
譁,wa1
剮,wa2
華,wa4
驊,wa4
划,wa4
踝,wa5
樺,wa6
淮,waai4
槐,waai4
懷,waai4
壞,waai6
或,waak6
惑,waak6
劃,waak6
彎,waan1
灣,waan1
綰,waan2
玩,waan2
頑,waan4
鬟,waan4
還,waan4
寰,waan4
環,waan4
輓,waan5
患,waan6
宦,waan6
幻,waan6
橫,waang4
挖,waat3
斡,waat3
滑,waat6
猾,waat6
威,wai1
委,wai1
逶,wai1
崴,wai1
葳,wai1
萎,wai2
喟,wai2
痿,wai2
卉,wai2
猥,wai2
毀,wai2
蔚,wai3
餵,wai3
畏,wai3
穢,wai3
慰,wai3
尉,wai3
薈,wai3
為,wai4
桅,wai4
帷,wai4
違,wai4
惟,wai4
圍,wai4
維,wai4
遺,wai4
闈,wai4
濰,wai4
韙,wai5
偉,wai5
瑋,wai5
葦,wai5
緯,wai5
韋,wai5
諱,wai5
惠,wai6
位,wai6
謂,wai6
衛,wai6
胃,wai6
蕙,wai6
蝟,wai6
彗,wai6
渭,wai6
慧,wai6
氳,wan1
瘟,wan1
溫,wan1
穩,wan2
蘊,wan3
醞,wan3
慍,wan3
蕓,wan4
云,wan4
暈,wan4
耘,wan4
妘,wan4
渾,wan4
魂,wan4
餛,wan4
芸,wan4
紜,wan4
琿,wan4
昀,wan4
雲,wan4
隕,wan5
尹,wan5
允,wan5
殞,wan5
狁,wan5
混,wan6
運,wan6
諢,wan6
鄆,wan6
韻,wan6
閎,wang4
宏,wang4
弘,wang4
鬱,wat1
聿,wat6
域,wik6
閾,wik6
蜮,wik6
扔,wing1
嶸,wing4
榮,wing4
永,wing5
泳,wing6
詠,wing6
穎,wing6
潁,wing6
蝸,woh1
鍋,woh1
窩,woh1
渦,woh1
撾,woh1
萵,woh1
倭,woh1
媧,woh1
窠,woh1
和,woh4
禍,woh6
穫,wok6
獲,wok6
汪,wong1
煌,wong4
隍,wong4
王,wong4
蟥,wong4
蝗,wong4
皇,wong4
磺,wong4
惶,wong4
潢,wong4
凰,wong4
徨,wong4
簧,wong4
遑,wong4
往,wong5
鄔,woo1
污,woo1
鎢,woo1
烏,woo1
嗚,woo1
塢,woo2
滸,woo2
湖,woo4
葫,woo4
醐,woo4
糊,woo4
狐,woo4
蝴,woo4
瑚,woo4
猢,woo4
煳,woo4
餬,woo4
鬍,woo4
衚,woo4
鶘,woo4
弧,woo4
胡,woo4
壺,woo4
滬,woo6
扈,woo6
護,woo6
祜,woo6
怙,woo6
互,woo6
芋,woo6
戶,woo6
瓠,woo6
偎,wooi1
回,wooi4
徊,wooi4
洄,wooi4
迴,wooi4
蛔,wooi4
燴,wooi6
匯,wooi6
彙,wooi6
剜,woon1
腕,woon2
豌,woon2
惋,woon2
垣,woon4
桓,woon4
援,woon4
浣,woon5
皖,woon5
換,woon6
喚,woon6
瘓,woon6
緩,woon6
煥,woon6
奐,woon6
活,woot6
也,ya5
跩,yai6
音,yam1
歆,yam1
鑫,yam1
欽,yam1
蔭,yam3
窨,yam3
壬,yam4
霪,yam4
淫,yam4
任,yam4
荏,yam5
衽,yam6
飪,yam6
賃,yam6
妊,yam6
氤,yan1
恩,yan1
因,yan1
茵,yan1
堙,yan1
姻,yan1
忻,yan1
昕,yan1
欣,yan1
殷,yan1
甄,yan1
忍,yan2
癮,yan2
隱,yan2
印,yan3
仁,yan4
夤,yan4
人,yan4
寅,yan4
引,yan5
蚓,yan5
釁,yan6
孕,yan6
刃,yan6
紉,yan6
胤,yan6
悒,yap1
熠,yap1
泣,yap1
翕,yap1
挹,yap1
揖,yap1
邑,yap1
壹,yat1
一,yat1
逸,yat6
軼,yat6
日,yat6
溢,yat6
髹,yau1
丘,yau1
幽,yau1
邱,yau1
優,yau1
蚯,yau1
貅,yau1
鵂,yau1
咻,yau1
休,yau1
黝,yau2
柚,yau2
遊,yau4
郵,yau4
柔,yau4
攸,yau4
揉,yau4
蚰,yau4
鈾,yau4
酋,yau4
猶,yau4
魷,yau4
悠,yau4
尤,yau4
蹂,yau4
游,yau4
疣,yau4
酉,yau5
誘,yau5
有,yau5
囿,yau6
又,yau6
釉,yau6
宥,yau6
侑,yau6
佑,yau6
右,yau6
鼬,yau6
狖,yau6
椰,ye4
揶,ye4
爺,ye4
耶,ye4
野,ye5
冶,ye5
偌,ye6
贏,yeng4
約,yeuk3
籥,yeuk6
龠,yeuk6
弱,yeuk6
蒻,yeuk6
瘧,yeuk6
躍,yeuk6
鑰,yeuk6
藥,yeuk6
謔,yeuk6
虐,yeuk6
若,yeuk6
秧,yeung1
鴦,yeung1
殃,yeung1
央,yeung1
鞅,yeung2
禳,yeung4
蘘,yeung4
颺,yeung4
瘍,yeung4
烊,yeung4
楊,yeung4
徉,yeung4
瀼,yeung4
洋,yeung4
暘,yeung4
佯,yeung4
揚,yeung4
陽,yeung4
羊,yeung4
穰,yeung4
攘,yeung5
仰,yeung5
癢,yeung5
氧,yeung5
養,yeung5
嚷,yeung5
漾,yeung6
恙,yeung6
釀,yeung6
壤,yeung6
讓,yeung6
伊,yi1
醫,yi1
黟,yi1
猗,yi1
漪,yi1
禕,yi1
銥,yi1
依,yi1
衣,yi1
旖,yi2
齮,yi2
倚,yi2
綺,yi2
薏,yi3
意,yi3
懿,yi3
鐿,yi3
癔,yi3
飴,yi4
胰,yi4
眙,yi4
移,yi4
彞,yi4
咦,yi4
詒,yi4
怡,yi4
而,yi4
誼,yi4
頤,yi4
迤,yi4
儀,yi4
姨,yi4
宜,yi4
夷,yi4
疑,yi4
貽,yi4
兒,yi4
痍,yi4
洱,yi5
以,yi5
矣,yi5
爾,yi5
耳,yi5
已,yi5
擬,yi5
議,yi5
邇,yi5
劓,yi6
義,yi6
肄,yi6
異,yi6
貳,yi6
二,yi6
易,yi6
億,yik1
臆,yik1
憶,yik1
鬩,yik1
抑,yik1
翊,yik6
蜴,yik6
弈,yik6
腋,yik6
翌,yik6
弋,yik6
掖,yik6
疫,yik6
譯,yik6
繹,yik6
奕,yik6
驛,yik6
役,yik6
液,yik6
逆,yik6
淹,yim1
懨,yim1
奄,yim1
閹,yim1
醃,yim1
魘,yim2
掩,yim2
饜,yim3
嫌,yim4
蚺,yim4
閻,yim4
髯,yim4
鹽,yim4
炎,yim4
嚴,yim4
閆,yim4
簷,yim4
染,yim5
冉,yim5
儼,yim5
苒,yim5
焰,yim6
驗,yim6
艷,yim6
湮,yin1
閼,yin1
鄢,yin1
嫣,yin1
蔫,yin1
胭,yin1
咽,yin1
菸,yin1
焉,yin1
鼴,yin2
偃,yin2
堰,yin2
演,yin2
兗,yin2
衍,yin2
宴,yin3
嚥,yin3
燃,yin4
言,yin4
然,yin4
賢,yin4
研,yin4
涎,yin4
舷,yin4
延,yin4
弦,yin4
蜒,yin4
妍,yin4
筵,yin4
莧,yin6
硯,yin6
現,yin6
彥,yin6
讞,yin6
諺,yin6
唁,yin6
膺,ying1
纓,ying1
嬰,ying1
應,ying1
英,ying1
鸚,ying1
鷹,ying1
櫻,ying1
瑛,ying1
映,ying2
瀠,ying4
凝,ying4
鎣,ying4
瑩,ying4
盈,ying4
型,ying4
陘,ying4
熒,ying4
營,ying4
滎,ying4
迎,ying4
刑,ying4
蠅,ying4
仍,ying4
嬴,ying4
瀛,ying4
縈,ying4
螢,ying4
邢,ying4
楹,ying4
形,ying4
瀅,ying4
郢,ying5
認,ying6
靨,yip3
頁,yip6
葉,yip6
燁,yip6
業,yip6
謁,yit3
噎,yit3
拽,yit6
熱,yit6
孽,yit6
臬,yit6
邀,yiu1
吆,yiu1
么,yiu1
夭,yiu1
妖,yiu1
腰,yiu1
要,yiu1
窈,yiu2
擾,yiu2
繞,yiu2
瑤,yiu4
搖,yiu4
嬈,yiu4
徭,yiu4
遙,yiu4
窯,yiu4
颻,yiu4
姚,yiu4
謠,yiu4
鰩,yiu4
饒,yiu4
堯,yiu4
舀,yiu5
耀,yiu6
曜,yiu6
鷂,yiu6
喲,yoh1
唷,yoh1
淤,yue1
於,yue1
迂,yue1
嫗,yue2
傴,yue2
酗,yue3
俞,yue4
予,yue4
愚,yue4
妤,yue4
愉,yue4
瑜,yue4
踰,yue4
臾,yue4
渝,yue4
輿,yue4
揄,yue4
如,yue4
濡,yue4
逾,yue4
萸,yue4
隅,yue4
竽,yue4
覦,yue4
儒,yue4
諛,yue4
茹,yue4
狳,yue4
嚅,yue4
娛,yue4
漁,yue4
盂,yue4
魚,yue4
歟,yue4
余,yue4
蠕,yue4
于,yue4
蝓,yue4
榆,yue4
餘,yue4
禺,yue4
虞,yue4
孺,yue4
敔,yue5
汝,yue5
宇,yue5
與,yue5
乳,yue5
貐,yue5
羽,yue5
語,yue5
禹,yue5
雨,yue5
齬,yue5
圄,yue5
瑀,yue5
譽,yue6
豫,yue6
禦,yue6
喻,yue6
籲,yue6
蕷,yue6
諭,yue6
寓,yue6
裕,yue6
御,yue6
愈,yue6
馭,yue6
癒,yue6
遇,yue6
蜿,yuen1
鴛,yuen1
冤,yuen1
鳶,yuen1
婉,yuen2
宛,yuen2
苑,yuen2
琬,yuen2
菀,yuen2
源,yuen4
圓,yuen4
轅,yuen4
玄,yuen4
員,yuen4
元,yuen4
緣,yuen4
眩,yuen4
猿,yuen4
紈,yuen4
沅,yuen4
完,yuen4
袁,yuen4
原,yuen4
懸,yuen4
沿,yuen4
烷,yuen4
鉛,yuen4
園,yuen4
芫,yuen4
丸,yuen4
軟,yuen5
阮,yuen5
遠,yuen5
願,yuen6
院,yuen6
媛,yuen6
縣,yuen6
炫,yuen6
閱,yuet6
穴,yuet6
悅,yuet6
粵,yuet6
月,yuet6
曰,yuet6
鉞,yuet6
釔,yuet6
越,yuet6
乙,yuet6
蕤,yui4
蕊,yui5
睿,yui6
芮,yui6
銳,yui6
裔,yui6
毓,yuk1
煜,yuk1
郁,yuk1
沃,yuk1
昱,yuk1
彧,yuk1
頊,yuk1
旭,yuk1
蓐,yuk6
褥,yuk6
鈺,yuk6
浴,yuk6
辱,yuk6
育,yuk6
鬻,yuk6
縟,yuk6
欲,yuk6
玉,yuk6
慾,yuk6
獄,yuk6
峪,yuk6
閏,yun6
廱,yung1
饔,yung1
嗡,yung1
邕,yung1
雍,yung1
翁,yung1
湧,yung2
慂,yung2
蛹,yung2
臃,yung2
擁,yung2
佣,yung2
踴,yung2
俑,yung2
冗,yung2
庸,yung4
鏞,yung4
容,yung4
熔,yung4
戎,yung4
茸,yung4
傭,yung4
蓉,yung4
鱅,yung4
融,yung4
溶,yung4
慵,yung4
榕,yung4
勇,yung5
用,yung6
。,.
，,","
、,","
！,!
「,'
」,'
